  {
    "proudcts": [
      {
        "id": 1,
        "name": "LG",
        "description": "Welcome to LG TV",
        "category": "TV",
        "isAvailble": true
      },
      {
        "id": 2,
        "name": "Samsung",
        "description": "Welcome to Samsung TV",
        "category": "TV",
        "isAvailble": true
      },
      {
        "id": 3,
        "name": "Thinkpad",
        "description": "Welcome to Thinkpad Laptop",
        "category": "Laptop",
        "isAvailble": true
      },
      {
        "id": 4,
        "name": "LG",
        "description": "Welcome to LG TV",
        "category": "TV",
        "isAvailble": true
      },
      {
        "id": 5,
        "name": "Samsung",
        "description": "Welcome to Samsung TV",
        "category": "TV",
        "isAvailble": true
      },
      {
        "id": 6,
        "name": "Thinkpad",
        "description": "Welcome to Thinkpad Laptop",
        "category": "Laptop",
        "isAvailble": true
      },
      {
        "id": 7,
        "name": "LG",
        "description": "Welcome to LG TV",
        "category": "TV",
        "isAvailble": true
      },
      {
        "id": 8,
        "name": "Samsung",
        "description": "Welcome to Samsung TV",
        "category": "TV",
        "isAvailble": true
      },
      {
        "id": 9,
        "name": "Thinkpad",
        "description": "Welcome to Thinkpad Laptop",
        "category": "Laptop",
        "isAvailble": true
      },
      {
        "id": 10,
        "name": "LG",
        "description": "Welcome to LG TV",
        "category": "TV",
        "isAvailble": true
      },
      {
        "id": 11,
        "name": "Samsung",
        "description": "Welcome to Samsung TV",
        "category": "TV",
        "isAvailble": true
      },
      {
        "id": 12,
        "name": "Thinkpad",
        "description": "Welcome to Thinkpad Laptop",
        "category": "Laptop",
        "isAvailble": true
      },
      {
        "id": 13,
        "name": "LG",
        "description": "Welcome to LG TV",
        "category": "TV",
        "isAvailble": true
      },
      {
        "id": 14,
        "name": "Samsung",
        "description": "Welcome to Samsung TV",
        "category": "TV",
        "isAvailble": true
      },
      {
        "id": 15,
        "name": "Thinkpad",
        "description": "Welcome to Thinkpad Laptop",
        "category": "Laptop",
        "isAvailble": true
      },
      {
        "name": "Dell",
        "description": "dell latptop",
        "category": "laptop",
        "isAvailble": true,
        "id": 16
      },
      {
        "name": "Dell",
        "description": "dell latptop",
        "category": "laptop",
        "isAvailble": true,
        "id": 17
      },
      {
        "name": "Dell",
        "description": "dell latptop",
        "category": "laptop",
        "isAvailble": true,
        "id": 18
      }
    ]
  }

